{"config": {"layers": [{"inbound_nodes": [], "config": {"sparse": false, "dtype": "float32", "batch_input_shape": [null, 28, 28, 1], "name": "input_1"}, "name": "input_1", "class_name": "InputLayer"}, {"inbound_nodes": [[["input_1", 0, 0, {}]]], "config": [{"config": {"filters": 16, "activation": "linear", "batch_input_shape": [null, 28, 28, 1], "kernel_initializer": {"config": {"seed": null, "mode": "fan_avg", "scale": 1.0, "distribution": "uniform"}, "class_name": "VarianceScaling"}, "dilation_rate": [1, 1], "kernel_size": [3, 3], "padding": "same", "strides": [2, 2], "kernel_regularizer": null, "bias_constraint": null, "dtype": "float32", "use_bias": true, "activity_regularizer": null, "name": "conv2d_1", "trainable": true, "bias_initializer": {"config": {}, "class_name": "Zeros"}, "bias_regularizer": null, "data_format": "channels_last", "kernel_constraint": null}, "class_name": "Conv2D"}, {"config": {"name": "leaky_re_lu_1", "trainable": true, "alpha": 0.20000000298023224}, "class_name": "LeakyReLU"}, {"config": {"rate": 0.25, "seed": null, "noise_shape": null, "name": "dropout_1", "trainable": true}, "class_name": "Dropout"}, {"config": {"filters": 32, "activation": "linear", "kernel_initializer": {"config": {"seed": null, "mode": "fan_avg", "scale": 1.0, "distribution": "uniform"}, "class_name": "VarianceScaling"}, "dilation_rate": [1, 1], "kernel_size": [3, 3], "padding": "same", "strides": [2, 2], "kernel_regularizer": null, "bias_constraint": null, "bias_regularizer": null, "use_bias": true, "activity_regularizer": null, "name": "conv2d_2", "trainable": true, "bias_initializer": {"config": {}, "class_name": "Zeros"}, "data_format": "channels_last", "kernel_constraint": null}, "class_name": "Conv2D"}, {"config": {"padding": [[0, 1], [0, 1]], "name": "zero_padding2d_1", "trainable": true, "data_format": "channels_last"}, "class_name": "ZeroPadding2D"}, {"config": {"name": "leaky_re_lu_2", "trainable": true, "alpha": 0.20000000298023224}, "class_name": "LeakyReLU"}, {"config": {"rate": 0.25, "seed": null, "noise_shape": null, "name": "dropout_2", "trainable": true}, "class_name": "Dropout"}, {"config": {"gamma_initializer": {"config": {}, "class_name": "Ones"}, "gamma_regularizer": null, "momentum": 0.8, "epsilon": 0.001, "axis": -1, "beta_regularizer": null, "center": true, "moving_variance_initializer": {"config": {}, "class_name": "Ones"}, "gamma_constraint": null, "beta_initializer": {"config": {}, "class_name": "Zeros"}, "name": "batch_normalization_1", "trainable": true, "moving_mean_initializer": {"config": {}, "class_name": "Zeros"}, "beta_constraint": null, "scale": true}, "class_name": "BatchNormalization"}, {"config": {"filters": 64, "activation": "linear", "kernel_initializer": {"config": {"seed": null, "mode": "fan_avg", "scale": 1.0, "distribution": "uniform"}, "class_name": "VarianceScaling"}, "dilation_rate": [1, 1], "kernel_size": [3, 3], "padding": "same", "strides": [2, 2], "kernel_regularizer": null, "bias_constraint": null, "bias_regularizer": null, "use_bias": true, "activity_regularizer": null, "name": "conv2d_3", "trainable": true, "bias_initializer": {"config": {}, "class_name": "Zeros"}, "data_format": "channels_last", "kernel_constraint": null}, "class_name": "Conv2D"}, {"config": {"name": "leaky_re_lu_3", "trainable": true, "alpha": 0.20000000298023224}, "class_name": "LeakyReLU"}, {"config": {"rate": 0.25, "seed": null, "noise_shape": null, "name": "dropout_3", "trainable": true}, "class_name": "Dropout"}, {"config": {"gamma_initializer": {"config": {}, "class_name": "Ones"}, "gamma_regularizer": null, "momentum": 0.8, "epsilon": 0.001, "axis": -1, "beta_regularizer": null, "center": true, "moving_variance_initializer": {"config": {}, "class_name": "Ones"}, "gamma_constraint": null, "beta_initializer": {"config": {}, "class_name": "Zeros"}, "name": "batch_normalization_2", "trainable": true, "moving_mean_initializer": {"config": {}, "class_name": "Zeros"}, "beta_constraint": null, "scale": true}, "class_name": "BatchNormalization"}, {"config": {"filters": 128, "activation": "linear", "kernel_initializer": {"config": {"seed": null, "mode": "fan_avg", "scale": 1.0, "distribution": "uniform"}, "class_name": "VarianceScaling"}, "dilation_rate": [1, 1], "kernel_size": [3, 3], "padding": "same", "strides": [1, 1], "kernel_regularizer": null, "bias_constraint": null, "bias_regularizer": null, "use_bias": true, "activity_regularizer": null, "name": "conv2d_4", "trainable": true, "bias_initializer": {"config": {}, "class_name": "Zeros"}, "data_format": "channels_last", "kernel_constraint": null}, "class_name": "Conv2D"}, {"config": {"name": "leaky_re_lu_4", "trainable": true, "alpha": 0.20000000298023224}, "class_name": "LeakyReLU"}, {"config": {"rate": 0.25, "seed": null, "noise_shape": null, "name": "dropout_4", "trainable": true}, "class_name": "Dropout"}, {"config": {"name": "flatten_1", "trainable": true, "data_format": "channels_last"}, "class_name": "Flatten"}], "name": "sequential_1", "class_name": "Sequential"}, {"inbound_nodes": [[["sequential_1", 1, 0, {}]]], "config": {"activation": "sigmoid", "trainable": true, "bias_initializer": {"config": {}, "class_name": "Zeros"}, "units": 1, "kernel_regularizer": null, "bias_constraint": null, "bias_regularizer": null, "use_bias": true, "activity_regularizer": null, "name": "dense_1", "kernel_initializer": {"config": {"seed": null, "mode": "fan_avg", "scale": 1.0, "distribution": "uniform"}, "class_name": "VarianceScaling"}, "kernel_constraint": null}, "name": "dense_1", "class_name": "Dense"}, {"inbound_nodes": [[["sequential_1", 1, 0, {}]]], "config": {"activation": "softmax", "trainable": true, "bias_initializer": {"config": {}, "class_name": "Zeros"}, "units": 10, "kernel_regularizer": null, "bias_constraint": null, "bias_regularizer": null, "use_bias": true, "activity_regularizer": null, "name": "dense_2", "kernel_initializer": {"config": {"seed": null, "mode": "fan_avg", "scale": 1.0, "distribution": "uniform"}, "class_name": "VarianceScaling"}, "kernel_constraint": null}, "name": "dense_2", "class_name": "Dense"}], "input_layers": [["input_1", 0, 0]], "name": "model_1", "output_layers": [["dense_1", 0, 0], ["dense_2", 0, 0]]}, "backend": "tensorflow", "class_name": "Model", "keras_version": "2.2.2"}