{"config": {"layers": [{"inbound_nodes": [], "config": {"sparse": false, "dtype": "int32", "batch_input_shape": [null, 1], "name": "input_3"}, "name": "input_3", "class_name": "InputLayer"}, {"inbound_nodes": [[["input_3", 0, 0, {}]]], "config": {"batch_input_shape": [null, null], "embeddings_initializer": {"config": {"maxval": 0.05, "seed": null, "minval": -0.05}, "class_name": "RandomUniform"}, "embeddings_regularizer": null, "input_dim": 10, "output_dim": 100, "mask_zero": false, "embeddings_constraint": null, "dtype": "float32", "activity_regularizer": null, "name": "embedding_1", "trainable": true, "input_length": null}, "name": "embedding_1", "class_name": "Embedding"}, {"inbound_nodes": [], "config": {"sparse": false, "dtype": "float32", "batch_input_shape": [null, 100], "name": "input_2"}, "name": "input_2", "class_name": "InputLayer"}, {"inbound_nodes": [[["embedding_1", 0, 0, {}]]], "config": {"name": "flatten_2", "trainable": true, "data_format": "channels_last"}, "name": "flatten_2", "class_name": "Flatten"}, {"inbound_nodes": [[["input_2", 0, 0, {}], ["flatten_2", 0, 0, {}]]], "config": {"name": "multiply_1", "trainable": true}, "name": "multiply_1", "class_name": "Multiply"}, {"inbound_nodes": [[["multiply_1", 0, 0, {}]]], "config": [{"config": {"activation": "relu", "batch_input_shape": [null, 100], "kernel_initializer": {"config": {"seed": null, "mode": "fan_avg", "scale": 1.0, "distribution": "uniform"}, "class_name": "VarianceScaling"}, "bias_regularizer": null, "bias_initializer": {"config": {}, "class_name": "Zeros"}, "units": 6272, "kernel_regularizer": null, "bias_constraint": null, "dtype": "float32", "use_bias": true, "activity_regularizer": null, "name": "dense_3", "trainable": true, "kernel_constraint": null}, "class_name": "Dense"}, {"config": {"target_shape": [7, 7, 128], "name": "reshape_1", "trainable": true}, "class_name": "Reshape"}, {"config": {"gamma_initializer": {"config": {}, "class_name": "Ones"}, "gamma_regularizer": null, "momentum": 0.8, "epsilon": 0.001, "axis": -1, "beta_regularizer": null, "center": true, "moving_variance_initializer": {"config": {}, "class_name": "Ones"}, "gamma_constraint": null, "beta_initializer": {"config": {}, "class_name": "Zeros"}, "name": "batch_normalization_3", "trainable": true, "moving_mean_initializer": {"config": {}, "class_name": "Zeros"}, "beta_constraint": null, "scale": true}, "class_name": "BatchNormalization"}, {"config": {"trainable": true, "name": "up_sampling2d_1", "data_format": "channels_last", "size": [2, 2]}, "class_name": "UpSampling2D"}, {"config": {"filters": 128, "activation": "linear", "kernel_initializer": {"config": {"seed": null, "mode": "fan_avg", "scale": 1.0, "distribution": "uniform"}, "class_name": "VarianceScaling"}, "dilation_rate": [1, 1], "kernel_size": [3, 3], "padding": "same", "strides": [1, 1], "kernel_regularizer": null, "bias_constraint": null, "bias_regularizer": null, "use_bias": true, "activity_regularizer": null, "name": "conv2d_5", "trainable": true, "bias_initializer": {"config": {}, "class_name": "Zeros"}, "data_format": "channels_last", "kernel_constraint": null}, "class_name": "Conv2D"}, {"config": {"activation": "relu", "name": "activation_1", "trainable": true}, "class_name": "Activation"}, {"config": {"gamma_initializer": {"config": {}, "class_name": "Ones"}, "gamma_regularizer": null, "momentum": 0.8, "epsilon": 0.001, "axis": -1, "beta_regularizer": null, "center": true, "moving_variance_initializer": {"config": {}, "class_name": "Ones"}, "gamma_constraint": null, "beta_initializer": {"config": {}, "class_name": "Zeros"}, "name": "batch_normalization_4", "trainable": true, "moving_mean_initializer": {"config": {}, "class_name": "Zeros"}, "beta_constraint": null, "scale": true}, "class_name": "BatchNormalization"}, {"config": {"trainable": true, "name": "up_sampling2d_2", "data_format": "channels_last", "size": [2, 2]}, "class_name": "UpSampling2D"}, {"config": {"filters": 64, "activation": "linear", "kernel_initializer": {"config": {"seed": null, "mode": "fan_avg", "scale": 1.0, "distribution": "uniform"}, "class_name": "VarianceScaling"}, "dilation_rate": [1, 1], "kernel_size": [3, 3], "padding": "same", "strides": [1, 1], "kernel_regularizer": null, "bias_constraint": null, "bias_regularizer": null, "use_bias": true, "activity_regularizer": null, "name": "conv2d_6", "trainable": true, "bias_initializer": {"config": {}, "class_name": "Zeros"}, "data_format": "channels_last", "kernel_constraint": null}, "class_name": "Conv2D"}, {"config": {"activation": "relu", "name": "activation_2", "trainable": true}, "class_name": "Activation"}, {"config": {"gamma_initializer": {"config": {}, "class_name": "Ones"}, "gamma_regularizer": null, "momentum": 0.8, "epsilon": 0.001, "axis": -1, "beta_regularizer": null, "center": true, "moving_variance_initializer": {"config": {}, "class_name": "Ones"}, "gamma_constraint": null, "beta_initializer": {"config": {}, "class_name": "Zeros"}, "name": "batch_normalization_5", "trainable": true, "moving_mean_initializer": {"config": {}, "class_name": "Zeros"}, "beta_constraint": null, "scale": true}, "class_name": "BatchNormalization"}, {"config": {"filters": 1, "activation": "linear", "kernel_initializer": {"config": {"seed": null, "mode": "fan_avg", "scale": 1.0, "distribution": "uniform"}, "class_name": "VarianceScaling"}, "dilation_rate": [1, 1], "kernel_size": [3, 3], "padding": "same", "strides": [1, 1], "kernel_regularizer": null, "bias_constraint": null, "bias_regularizer": null, "use_bias": true, "activity_regularizer": null, "name": "conv2d_7", "trainable": true, "bias_initializer": {"config": {}, "class_name": "Zeros"}, "data_format": "channels_last", "kernel_constraint": null}, "class_name": "Conv2D"}, {"config": {"activation": "tanh", "name": "activation_3", "trainable": true}, "class_name": "Activation"}], "name": "sequential_2", "class_name": "Sequential"}], "input_layers": [["input_2", 0, 0], ["input_3", 0, 0]], "name": "model_2", "output_layers": [["sequential_2", 1, 0]]}, "backend": "tensorflow", "class_name": "Model", "keras_version": "2.2.2"}